Nome_do_bairro,Cod_setor,TOTAL_FAIXA_ETARIA,ABAIXO1ANO,1A9ANOS,10A19ANOS,20A29ANOS,30A39ANOS,40A49ANOS,50A59ANOS,ACIMA60ANOS,Cod_setor,ATEMEIOSALARIO,DEMEIOA1SALARIO,DE1A2SALARIOS,DE2A3SALARIOS,DE3A5SALARIOS,DE5A10SALARIOS,DE10A15SALARIOS,DE15A20SALARIOS,MAISDE20SALARIOS,SEMSALARIO,TOTAL_SALARIOS,PRACAS,PARQUES,EMPRESAS OUTROS GROUPOS,EMPRESAS PEQUENO PORTE
Aarão Reis,1553100303300977,2962,31,301,463,521,528,387,346,385,1553100303300977,44,653,657,229,156,82,10,2,3,794,2962,3.0,0.0,29.0,10.0
Acaba Mundo,310620005620143,1173,27,237,275,213,185,115,71,50,310620005620143,35,427,156,3,2,1,0,0,0,285,1173,0.0,0.0,4.0,0.0
Acaiaca,1242480242560419,2565,37,318,415,554,373,407,276,185,1242480242560419,27,459,567,219,158,54,5,1,1,719,2565,0.0,0.0,7.0,8.0
Ademar Maldonado,1242480102440642,1803,7,162,205,298,326,238,220,347,1242480102440642,11,223,392,219,204,124,21,6,2,432,1803,2.0,0.0,9.0,6.0
Aeroporto,931860017040198,1325,5,131,151,335,228,183,118,174,931860017040198,4,143,213,117,156,188,27,25,13,303,1325,2.0,0.0,124.0,54.0
Aguas Claras,931860076830924,2023,31,307,528,333,287,285,148,104,931860076830924,56,458,406,56,13,3,1,0,0,692,2023,1.0,0.0,2.0,0.0
Alpes,2174340039692129,2197,36,306,367,446,381,262,152,124,2174340039692129,42,427,538,96,63,25,4,2,0,535,2197,0.0,0.0,146.0,62.0
Alta Tensão 1ª Seção,621240051220755,397,4,59,77,62,70,51,38,36,621240051220755,7,112,67,17,5,1,0,0,0,125,397,0.0,0.0,0.0,0.0
Alta Tensão 2ª Seção,1553100128051757,2010,46,313,406,395,350,222,171,107,1553100128051757,48,377,539,81,28,3,0,0,0,575,2010,0.0,0.0,0.0,0.0
Alto Barroca,2174340039691782,5213,32,313,492,1078,748,727,810,1013,2174340039691782,23,421,661,483,750,910,217,148,97,1158,5213,2.0,0.0,199.0,60.0
Alto Caiçaras,3416820062152898,7411,77,572,964,1370,1161,1127,1022,1118,3416820062152898,46,915,1357,730,770,818,171,114,61,1780,7411,1.0,1.0,111.0,44.0
Alto Vera Cruz,9629220174535656,21459,387,2972,4147,4036,3320,2757,1775,2065,9629220174535656,548,5434,4480,937,470,241,33,36,29,5892,21459,4.0,1.0,51.0,9.0
Alto das Antenas,310620025610206,384,15,79,92,58,59,53,17,11,310620025610206,9,72,45,5,3,0,0,0,0,156,384,0.0,0.0,0.0,0.0
Alto dos Pinheiros,1242480022600955,3191,35,324,477,618,463,557,363,354,1242480022600955,39,511,581,275,294,216,41,23,9,843,3191,1.0,0.0,43.0,23.0
Alípio de Melo,4348680079104129,9530,66,679,1107,1535,1475,1302,1192,2174,4348680079104129,43,1073,1739,1059,1141,942,194,97,62,2435,9530,4.0,1.0,125.0,62.0
Ambrosina,621240011340519,800,4,120,165,137,111,120,71,72,621240011340519,23,263,124,31,9,6,0,0,0,220,800,2.0,0.0,0.0,3.0
Anchieta,6833640123644642,12740,90,818,1132,2302,1941,1738,1901,2818,6833640123644642,26,455,1003,742,1284,2404,868,984,1079,2987,12740,2.0,1.0,729.0,140.0
Andiroba,310620005640143,791,12,101,165,140,106,109,81,77,310620005640143,3,277,89,18,11,3,1,2,0,274,791,0.0,0.0,2.0,0.0
Antonio Ribeiro de Abreu 1ª Seção,931860181920516,484,9,86,96,92,72,65,35,29,931860181920516,25,94,105,18,8,1,0,0,0,138,484,1.0,0.0,0.0,0.0
Aparecida,4969920090405648,9830,100,927,1374,1773,1460,1455,1228,1513,4969920090405648,132,1934,2280,815,648,395,54,33,15,2497,9830,2.0,0.0,93.0,27.0
Aparecida 7ª Seção,3106200056503496,4917,57,490,773,953,739,729,565,611,3106200056503496,48,1114,1198,333,234,121,12,5,3,1302,4917,0.0,0.0,34.0,11.0
Apolonia,4348680849663352,6568,134,1085,1354,1319,1049,693,528,406,4348680849663352,355,1719,1083,151,57,10,2,1,0,1971,6568,0.0,0.0,8.0,0.0
Araguaia,5901780486594726,14635,182,1753,2281,2774,2556,2105,1521,1463,5901780486594726,200,2581,3227,1247,846,390,35,13,9,4152,14635,4.0,0.0,91.0,32.0
Atila de Paiva,310620025610376,1207,4,113,171,209,177,182,127,224,310620025610376,18,205,251,142,98,58,14,3,1,300,1207,2.0,0.0,11.0,3.0
Bacurau,310620060660313,104,2,12,20,26,20,12,7,5,310620060660313,4,26,22,2,4,1,0,0,0,31,104,0.0,0.0,0.0,0.0
Bairro das Indústrias II,931860017010868,1033,14,100,155,166,198,138,109,153,931860017010868,9,175,252,83,47,26,4,3,0,320,1033,1.0,0.0,5.0,9.0
Baleia,621240011260591,17,0,0,0,0,0,0,0,0,621240011260591,0,0,0,0,0,0,0,0,0,0,17,1.0,1.0,6.0,1.0
Bandeirantes,2484960045440819,5428,56,461,765,933,895,797,635,886,2484960045440819,92,376,695,343,499,669,209,267,290,1471,5428,6.0,2.0,83.0,38.0
Barreiro,4969920409763142,9243,78,793,1326,1517,1390,1526,1164,1449,4969920409763142,71,1151,1662,910,963,817,147,101,57,2493,9243,3.0,0.0,466.0,217.0
Barro Preto,4659300084304927,6183,31,258,600,1481,968,765,786,1294,4659300084304927,24,531,1042,671,862,944,236,170,136,1278,6183,3.0,0.0,1465.0,491.0
Barroca,1863720034022116,3311,15,179,296,652,438,456,513,762,1863720034022116,8,222,360,278,465,609,146,117,94,818,3311,0.0,0.0,141.0,32.0
Barão Homem de Melo 1ª Seção,1242480022681219,1899,29,263,340,413,263,250,181,160,1242480022681219,51,536,317,60,27,10,1,1,0,604,1899,0.0,0.0,2.0,2.0
Barão Homem de Melo 2ª Seção,310620005670462,207,2,38,51,31,30,25,15,15,310620005670462,4,41,20,6,3,2,0,0,0,91,207,0.0,0.0,4.0,0.0
Barão Homem de Melo 3ª Seção,310620005670424,189,2,23,30,33,23,28,31,19,310620005670424,5,81,26,3,3,1,0,0,0,45,189,0.0,0.0,1.0,0.0
Beija Flor,310620060640123,1258,15,181,256,210,237,160,106,93,310620060640123,46,255,301,48,33,19,5,2,1,352,1258,0.0,0.0,3.0,0.0
Beira Linha,1553100303200434,4132,66,678,899,784,636,512,332,225,1553100303200434,178,997,805,119,38,9,2,2,4,1234,4132,1.0,0.0,3.0,2.0
Bela Vitoria,621240121280305,664,6,110,104,116,123,103,54,48,621240121280305,1,117,175,42,24,12,1,2,1,173,664,0.0,0.0,2.0,0.0
Belmonte,1242480242560208,2236,36,241,277,400,348,202,140,124,1242480242560208,61,354,409,149,74,34,0,0,0,410,2236,0.0,1.0,9.0,0.0
Belvedere,3727440067444667,8828,87,793,1008,1429,1441,1426,1327,1317,3727440067444667,8,158,465,272,448,1150,431,778,1511,2727,8828,5.0,0.0,1060.0,383.0
Bernadete,621240051220675,1516,25,268,331,266,255,190,97,84,621240051220675,34,346,314,59,30,7,0,0,0,433,1516,1.0,0.0,1.0,0.0
Betânia,4348680079381514,12054,133,1315,1815,2213,2074,1730,1289,1485,4348680079381514,174,1969,2460,1090,902,650,117,52,28,3164,12054,3.0,0.0,123.0,64.0
Biquinhas,1553100303301064,1671,20,240,347,292,303,215,135,119,1553100303301064,34,464,241,47,17,5,0,1,0,602,1671,0.0,0.0,0.0,0.0
Boa Esperança,310620060640031,546,12,70,106,113,108,50,48,39,310620060640031,16,175,82,13,8,4,0,0,0,166,546,0.0,0.0,0.0,0.0
Boa União 1ª Seção,310620060660239,309,5,49,57,53,48,35,31,31,310620060660239,12,81,56,9,5,0,0,0,0,92,309,0.0,0.0,0.0,0.0
Boa União 2ª Seção,310620060660238,177,6,27,50,34,20,20,6,14,310620060660238,9,46,13,1,1,0,0,0,0,74,177,0.0,0.0,0.0,0.0
Boa Viagem,2484960044961754,4564,15,163,444,1206,565,502,578,1091,2484960044961754,13,249,464,337,536,825,276,286,319,1081,4564,2.0,0.0,397.0,88.0
Boa Vista,7144260129494182,17574,189,1738,2608,3348,2664,2684,2037,2306,7144260129494182,212,3418,3988,1486,1203,696,88,62,51,4443,17574,2.0,0.0,112.0,36.0
Bom Jesus,2174340039552566,3615,37,326,471,685,532,494,501,569,2174340039552566,33,733,832,333,248,135,26,9,5,898,3615,2.0,0.0,12.0,10.0
Bonfim,3106200056503959,4448,32,398,548,731,657,660,579,843,3106200056503959,41,793,1016,459,372,278,62,38,27,932,4448,3.0,0.0,136.0,114.0
Bonsucesso,3106200256103203,6424,97,929,1185,1179,1164,891,541,438,3106200256103203,129,1320,1400,394,238,92,6,1,3,1815,6424,1.0,0.0,26.0,7.0
Brasil Industrial,3106200256101220,7030,85,732,1029,1468,1159,942,792,823,3106200256101220,97,1296,1597,608,500,181,16,7,3,1908,7030,1.0,0.0,22.0,8.0
Braúnas,1553100028400768,2031,13,166,262,222,271,270,146,282,1553100028400768,18,294,247,107,104,126,35,38,35,449,2031,3.0,0.0,20.0,4.0
Buraco Quente,310620005630185,1003,15,148,208,206,158,116,87,65,310620005630185,53,280,193,38,24,6,1,1,1,243,1003,0.0,0.0,0.0,0.0
Buritis,11182320204128800,29374,489,3463,3330,5125,7330,4971,2714,1952,11182320204128800,89,1284,2449,1501,2890,5460,2023,1835,1445,6446,29374,2.0,1.0,1626.0,369.0
CDI Jatoba,621240051220184,204,0,0,0,0,0,0,0,0,621240051220184,0,0,0,0,0,0,0,0,0,0,204,1.0,0.0,100.0,21.0
Cabana do Pai Tomás,10561080192786364,17994,240,2579,3369,3217,3051,2316,1483,1739,10561080192786364,540,4949,3556,697,298,121,20,8,13,4973,17994,5.0,0.0,25.0,5.0
Cachoeirinha,5280540095882058,9209,91,804,1195,1725,1367,1335,1202,1490,5280540095882058,109,1589,2055,875,797,539,92,59,32,2167,9209,3.0,0.0,167.0,103.0
Caetano Furquim,310620005630337,370,4,64,50,74,63,49,36,30,310620005630337,3,113,54,4,6,2,0,0,0,120,370,1.0,0.0,1.0,0.0
Caiçara - Adelaide,6212400113004116,10794,89,883,1335,1976,1585,1705,1573,1648,6212400113004116,73,1266,1670,967,1255,1374,307,226,152,2532,10794,4.0,0.0,209.0,62.0
Caiçaras,6212400113003087,13150,95,944,1602,2525,1882,1991,1716,2395,6212400113003087,85,1855,2554,1325,1342,1314,266,203,119,3048,13150,6.0,0.0,626.0,263.0
Calafate,4038060073713341,7475,69,505,854,1522,1085,1094,986,1360,4038060073713341,51,708,1112,612,1124,1052,268,220,122,1632,7475,6.0,0.0,279.0,80.0
Califórnia,2484960045202185,6080,65,756,957,1055,1188,865,533,661,2484960045202185,123,1082,1320,525,436,199,33,9,5,1527,6080,4.0,0.0,59.0,29.0
Camargos,6523020138716587,13088,170,1418,1727,2602,2636,2061,1316,1118,6523020138716587,90,1520,2636,1466,1443,951,134,83,35,3102,13088,6.0,0.0,184.0,102.0
Campo Alegre,1242480242640691,2776,22,270,423,398,426,517,252,468,1242480242640691,29,475,721,214,150,107,9,2,2,775,2776,7.0,0.0,7.0,3.0
Camponesa 1ª Seção,310620005630320,122,1,8,17,31,13,23,17,12,310620005630320,0,36,29,11,5,3,0,0,0,29,122,0.0,0.0,0.0,1.0
Camponesa 2ª Seção,310620005630315,236,2,32,43,43,27,38,22,29,310620005630315,2,2,84,12,6,0,0,0,0,96,236,0.0,0.0,0.0,0.0
Canaa,931860181980602,2614,29,365,436,475,492,421,233,163,931860181980602,35,413,545,195,162,108,16,10,4,732,2614,0.0,0.0,12.0,8.0
Canadá,310620005640107,492,3,44,60,84,81,77,62,81,310620005640107,2,92,104,56,34,38,3,2,2,112,492,1.0,0.0,20.0,10.0
Candelaria,3416820667591201,7495,80,820,1131,1282,1386,1141,770,885,3416820667591201,69,1200,1592,724,555,367,33,24,10,2021,7495,1.0,0.0,63.0,27.0
Capitão Eduardo,931860181920524,1256,26,214,251,193,246,154,71,36,931860181920524,48,231,250,44,18,4,0,0,0,356,1256,0.0,0.0,2.0,0.0
Cardoso,4038060332930925,10582,110,1157,1616,2013,1868,1483,1174,1161,4038060332930925,168,1766,2279,1000,720,379,35,19,15,2934,10582,1.0,0.0,58.0,24.0
Carlos Prates,8386740152560400,15285,122,951,1671,3097,2222,2206,2018,2998,8386740152560400,101,2043,2895,1720,1965,1609,259,179,104,3337,15285,6.0,0.0,500.0,245.0
Carmo,2484960044961330,3816,24,193,378,728,588,539,524,842,2484960044961330,10,170,315,194,391,794,226,279,315,905,3816,1.0,0.0,352.0,114.0
Casa Branca,3106200056302497,6351,67,737,1098,1146,951,927,638,624,3106200056302497,86,1267,1376,374,270,182,25,12,13,1779,6351,2.0,0.0,28.0,3.0
Castanheira,2795580230492122,5650,89,743,1042,1201,895,705,553,422,2795580230492122,131,1331,1245,260,105,25,2,2,1,1716,5650,1.0,0.0,13.0,6.0
Castelo,10250460187445096,17083,299,2036,2019,2798,4436,2813,1562,1120,10250460187445096,74,794,1602,1222,2124,3254,825,623,350,3880,17083,5.0,1.0,1058.0,243.0
Cenaculo,931860182070525,2299,22,255,396,429,378,350,256,213,931860182070525,33,534,463,159,149,55,4,6,1,618,2299,0.0,1.0,14.0,14.0
Centro,11182320202327980,16245,70,541,1623,4594,2181,1744,1847,3645,11182320202327980,77,1610,3051,1985,2427,2341,484,292,269,3098,16245,10.0,1.0,3596.0,1673.0
Chácara Leonina,621240011340869,434,7,85,112,68,72,46,22,22,621240011340869,8,121,62,4,2,2,0,0,0,143,434,0.0,0.0,2.0,0.0
Cidade Jardim,931860016860986,1528,8,53,118,258,239,171,223,458,931860016860986,16,70,158,133,232,291,89,102,87,289,1528,4.0,0.0,272.0,56.0
Cidade Jardim Taquaril,621240011260638,173,2,14,30,23,30,29,23,22,621240011260638,0,17,45,9,8,17,3,3,4,51,173,0.0,0.0,4.0,1.0
Cidade Nova,6523020118441515,15378,96,928,1680,3137,2154,2022,2489,2872,6523020118441515,39,786,1654,1206,2091,2849,728,666,522,3813,15378,7.0,1.0,773.0,162.0
Cinquentenário,2795580051031509,5460,69,599,819,934,985,869,600,585,2795580051031509,50,767,960,542,540,448,44,22,26,1393,5460,2.0,0.0,84.0,34.0
Colégio Batista,5280540095753916,10167,44,642,1174,1992,1526,1484,1343,1962,5280540095753916,53,939,1528,989,1328,1544,379,243,173,2305,10167,4.0,0.0,305.0,56.0
Comiteco,1242480022480810,1738,6,114,163,309,228,218,271,429,1242480022480810,4,52,148,84,168,269,95,180,203,415,1738,1.0,0.0,89.0,62.0
Concórdia,6212400112802885,10693,95,993,1346,2003,1510,1524,1386,1836,6212400112802885,115,1992,2522,942,883,606,85,56,38,2366,10693,4.0,0.0,104.0,47.0
Confisco,931860017040319,4283,67,512,804,911,637,620,436,296,931860017040319,71,942,907,247,121,47,3,1,0,1365,4283,1.0,1.0,11.0,3.0
Conjunto Bonsucesso,621240051220749,1030,15,183,223,212,145,108,92,52,621240051220749,29,236,194,31,14,2,0,0,0,326,1030,0.0,0.0,1.0,0.0
Conjunto Califórnia I,1553100028250974,3347,27,262,414,641,493,474,532,504,1553100028250974,20,381,598,360,402,347,54,36,15,845,3347,0.0,0.0,43.0,18.0
Conjunto Califórnia II,621240011300419,1737,23,154,250,395,265,261,234,155,621240011300419,15,263,401,198,179,82,5,4,1,412,1737,0.0,0.0,22.0,0.0
Conjunto Capitão Eduardo,931860181920456,2781,54,376,581,595,412,353,242,168,931860181920456,88,718,584,106,34,9,1,0,0,811,2781,1.0,0.0,5.0,0.0
Conjunto Celso Machado,1242480022601346,2696,21,188,297,468,402,355,328,637,1242480022601346,21,325,464,308,310,300,59,29,15,656,2696,4.0,0.0,23.0,18.0
Conjunto Floramar,310620060660206,916,9,128,157,226,131,107,84,74,310620060660206,4,333,121,18,8,3,0,0,0,292,916,0.0,0.0,0.0,0.0
Conjunto Jardim Filadélfia,931860016950351,3002,47,410,540,658,466,355,288,238,931860016950351,66,731,653,95,56,23,1,2,0,918,3002,0.0,0.0,2.0,1.0
Conjunto Jatoba,1242480102440589,3720,49,535,727,827,541,419,337,285,1242480102440589,98,970,705,161,64,8,0,2,0,1128,3720,0.0,0.0,1.0,1.0
Conjunto Lagoa,621240011360198,662,7,75,105,103,116,105,65,86,621240011360198,10,102,152,60,50,40,5,2,1,158,662,0.0,0.0,3.0,2.0
Conjunto Minas Caixa,1863720364141155,4421,63,656,841,985,660,513,422,281,1863720364141155,61,1130,716,126,59,14,2,0,2,1592,4421,1.0,0.0,7.0,0.0
Conjunto Novo Dom Bosco,931860016951305,704,11,104,142,150,107,65,79,46,931860016951305,22,207,131,21,8,5,2,1,0,192,704,0.0,0.0,0.0,0.0
Conjunto Paulo VI,1553100303200593,3228,49,515,681,661,471,365,289,197,1553100303200593,134,901,584,85,21,2,0,0,0,937,3228,2.0,0.0,5.0,0.0
Conjunto Providencia,310620060660232,283,2,39,62,53,42,35,24,26,310620060660232,15,98,45,13,5,0,0,0,0,66,283,0.0,0.0,1.0,0.0
Conjunto Santa Maria,310620005620479,1127,13,125,203,225,168,174,113,106,310620005620479,20,302,246,64,38,18,3,5,2,291,1127,2.0,0.0,5.0,0.0
Conjunto Serra Verde,310620060690293,240,5,26,55,40,41,42,12,19,310620060690293,2,43,47,8,6,2,0,0,0,101,240,0.0,0.0,1.0,0.0
Conjunto São Francisco de Assis,310620005680234,300,1,30,76,68,45,47,25,8,310620005680234,7,81,71,8,3,3,1,0,0,95,300,0.0,0.0,0.0,0.0
Conjunto Taquaril,6523020118236340,14977,253,2453,3329,3031,2191,1694,1193,833,6523020118236340,499,4183,2195,296,131,37,1,2,1,4926,14977,1.0,0.0,13.0,0.0
Copacabana,6833641225144667,13333,186,1572,2060,2491,2567,1901,1432,1124,6833641225144667,152,1981,2693,1158,1044,739,123,58,31,3596,13333,3.0,0.0,118.0,31.0
Coqueiros,2484960045202251,7668,101,841,1145,1474,1326,972,874,935,2484960045202251,148,1489,1863,603,434,254,16,17,6,1896,7668,0.0,0.0,28.0,14.0
Coração Eucarístico,4659300084752597,7654,39,431,857,2127,962,1014,1055,1138,4659300084752597,19,490,844,633,952,1208,355,263,185,2204,7654,3.0,0.0,353.0,58.0
Coração de Jesus,4038060073065113,5812,55,300,528,1231,953,769,870,1106,4038060073065113,5,243,492,405,659,1194,386,389,341,1343,5812,3.0,0.0,340.0,73.0
Corumbiara,310620025610351,952,18,182,217,167,191,106,52,19,310620025610351,43,206,164,17,14,5,0,1,0,302,952,0.0,0.0,1.0,0.0
Cruzeiro,4348680078681368,8144,34,409,714,1809,1176,1025,1203,1774,4348680078681368,23,375,760,558,985,1603,512,583,525,1777,8144,1.0,1.0,761.0,124.0
Custodinha,310620005670467,319,4,49,67,48,68,38,21,24,310620005670467,8,94,64,8,2,0,0,0,0,90,319,0.0,0.0,0.0,0.0
Céu Azul,10250461672746296,23817,302,2845,3846,4603,4278,3074,2424,2445,10250461672746296,354,4555,5349,1869,1207,602,69,25,30,6610,23817,9.0,0.0,138.0,46.0
Cônego Pinheiro 1ª Seção,310620005630099,446,9,41,88,82,59,64,52,51,310620005630099,4,135,107,23,10,3,0,1,0,113,446,0.0,0.0,0.0,0.0
Cônego Pinheiro 2ª Seção,310620005630353,43,1,3,8,7,11,5,2,6,310620005630353,0,14,11,2,1,1,0,0,0,10,43,0.0,0.0,0.0,0.0
Delta,621240011300552,954,7,97,186,171,154,113,99,127,621240011300552,16,293,198,31,12,11,3,3,0,283,954,0.0,0.0,0.0,0.0
Diamante,4348680358542031,11979,168,1504,1884,2122,2422,1842,1157,880,4348680358542031,126,1464,2374,1221,1004,560,77,30,23,3428,11979,2.0,0.0,120.0,45.0
Distrito Industrial do Jatoba,310620025610342,644,15,174,139,122,112,47,19,16,310620025610342,71,122,74,6,1,0,0,0,0,181,644,3.0,1.0,49.0,19.0
Dom Bosco,4038060073451763,9720,96,891,1384,1762,1365,1530,1213,1479,4038060073451763,83,1742,2130,830,608,457,60,28,14,2781,9720,2.0,0.0,87.0,55.0
Dom Cabral,2484960045201162,4280,30,236,468,886,529,650,593,888,2484960045201162,29,656,779,424,432,395,87,41,26,1145,4280,2.0,0.0,70.0,14.0
Dom Joaquim,2484960045121448,3279,46,293,460,620,524,447,408,481,2484960045121448,22,556,675,305,263,220,26,13,5,855,3279,4.0,0.0,71.0,23.0
Dom Silverio,2484960485120819,4195,68,497,678,792,821,523,402,414,2484960485120819,69,811,885,300,141,70,3,3,1,1347,4195,1.0,0.0,26.0,15.0
Dona Clara,4659300085203076,8844,103,901,1251,1662,1514,1516,1085,812,4659300085203076,28,627,1138,683,1060,1359,309,209,140,2287,8844,6.0,1.0,277.0,83.0
Embaúbas,1242480022681205,1809,36,266,367,332,307,244,127,130,1242480022681205,25,509,293,56,15,7,0,0,0,602,1809,0.0,0.0,3.0,0.0
Engenho Nogueira,1553100028341259,1375,11,140,178,227,174,178,125,96,1553100028341259,12,173,242,58,52,62,9,17,22,331,1375,6.0,0.0,149.0,19.0
Ermelinda,1553100028251849,3455,33,331,515,642,563,529,382,460,1553100028251849,40,670,796,256,241,178,18,15,4,873,3455,3.0,0.0,25.0,10.0
Ernesto Nascimento,931860076830378,2142,15,229,348,405,347,303,281,214,931860076830378,33,329,473,206,158,62,5,4,0,628,2142,0.0,0.0,6.0,2.0
Esperança,621240051220467,2146,36,353,559,417,312,240,118,111,621240051220467,44,680,257,18,7,2,0,1,0,748,2146,2.0,0.0,4.0,0.0
Esplanada,3416820061930087,8219,52,666,1015,1360,1189,1259,1108,1570,3416820061930087,40,1093,1593,831,839,772,147,107,90,1989,8219,3.0,0.0,130.0,43.0
Estoril,3106200056701901,4539,60,384,484,958,1034,750,455,309,3106200056701901,13,235,478,417,642,874,199,167,89,876,4539,4.0,3.0,1341.0,334.0
Estrela,621240011240774,1591,28,258,312,291,248,177,141,136,621240011240774,28,447,278,53,26,13,2,0,3,455,1591,0.0,0.0,2.0,0.0
Estrela do Oriente,2484960045361252,4761,52,459,667,723,786,612,391,561,2484960045361252,31,604,995,335,331,163,33,13,12,1223,4761,1.0,1.0,92.0,23.0
Etelvina Carneiro,1553100303300986,2331,27,256,349,458,347,348,349,197,1553100303300986,29,347,452,262,176,90,10,4,2,676,2331,0.0,0.0,9.0,4.0
Europa,5591161092423911,10065,117,1185,1560,1835,1806,1392,1029,1141,5591161092423911,194,2088,2311,751,514,217,16,4,3,2665,10065,9.0,0.0,57.0,10.0
Eymard,2174340424480950,3947,44,409,638,695,628,619,397,517,2174340424480950,25,695,1021,313,220,108,13,7,1,1091,3947,4.0,1.0,27.0,11.0
Fazendinha,1242480022521213,3715,51,556,757,793,609,432,266,251,1242480022521213,50,1189,640,76,31,11,0,0,0,1111,3715,0.0,0.0,5.0,0.0
Fernão Dias,1553100083200888,4190,52,487,547,761,937,755,401,250,1553100083200888,16,319,476,371,546,704,107,94,37,981,4190,0.0,2.0,176.0,31.0
Flamengo,310620060690304,328,1,56,77,63,52,32,34,13,310620060690304,4,66,56,9,5,2,0,0,0,129,328,0.0,0.0,0.0,0.0
Flavio De Oliveira,1242480102440530,2872,21,278,469,579,529,484,333,179,1242480102440530,12,446,714,322,193,67,6,0,2,811,2872,0.0,0.0,7.0,0.0
Flavio Marques Lisboa,3106200256102034,7861,128,904,1315,1468,1305,1163,780,798,3106200256102034,100,1529,1710,666,357,143,17,4,5,2298,7861,7.0,0.0,31.0,7.0
Floramar,4659300909901407,9775,102,990,1386,1812,1722,1465,1015,1283,4659300909901407,77,1906,2109,895,675,381,52,22,8,2558,9775,1.0,0.0,91.0,52.0
Floresta,7144260129414927,11841,63,587,1164,2519,1693,1609,1589,2617,7144260129414927,50,878,1705,1200,1688,2007,447,324,242,2650,11841,4.0,0.0,641.0,246.0
Frei Leopoldo,621240121320375,1995,43,263,373,374,355,261,210,116,621240121320375,25,471,384,106,82,22,5,2,0,592,1995,1.0,0.0,10.0,6.0
Funcionários,5591160101163591,8838,71,528,826,1633,1183,1149,1353,2024,5591160101163591,10,300,650,473,827,1571,537,804,970,2026,8838,1.0,0.0,1424.0,365.0
Gameleira,931860017011064,328,2,23,16,46,38,14,32,37,931860017011064,0,37,37,20,17,16,1,0,0,55,328,1.0,0.0,61.0,3.0
Garças,621240011360199,966,7,133,168,149,119,189,114,87,621240011360199,6,78,101,55,81,127,33,30,38,277,966,1.0,1.0,21.0,8.0
Glória,7144260129956329,14627,141,1315,2049,2560,2145,2315,1824,2278,7144260129956329,175,2878,3446,1288,1026,551,76,45,17,3669,14627,1.0,0.0,143.0,98.0
Goiania,7454881455362917,16229,198,2045,2597,2984,3005,2185,1514,1701,7454881455362917,236,3631,3572,1048,620,342,30,18,13,4476,16229,6.0,1.0,98.0,49.0
Grajaú,3106200056703489,6279,58,521,635,1122,995,991,848,1109,3106200056703489,19,356,637,473,741,1112,348,320,242,1452,6279,5.0,0.0,313.0,56.0
Granja Werneck,2484960485281682,2068,34,375,367,358,330,235,143,169,2484960485281682,25,436,365,68,29,9,1,2,1,666,2068,0.0,0.0,5.0,1.0
Granja de Freitas,931860016890888,3602,57,565,901,577,542,462,260,238,931860016890888,140,1005,500,98,27,12,1,0,0,1197,3602,0.0,0.0,17.0,0.0
Graça,3106200056401456,4792,50,349,517,858,814,674,661,869,3106200056401456,24,413,672,438,559,671,168,107,53,1288,4792,1.0,0.0,168.0,43.0
Grota,310620005630322,195,6,21,36,40,28,19,23,22,310620005630322,9,37,57,8,7,4,0,0,0,46,195,0.0,0.0,0.0,0.0
Grotinha,310620060640134,447,12,76,96,102,58,45,36,22,310620060640134,6,47,41,4,4,1,0,0,0,256,447,0.0,0.0,0.0,0.0
Guarani,3416820667261384,7718,67,762,1214,1397,1281,1251,905,841,3416820667261384,76,1221,1664,744,622,376,52,24,10,2100,7718,2.0,0.0,61.0,39.0
Guaratã,621240011340567,766,5,74,138,151,105,118,88,87,621240011340567,11,165,160,48,42,15,4,1,0,241,766,1.0,0.0,2.0,2.0
Gutierrez,7454880136087567,17507,116,1155,1940,3178,2410,2534,2728,3446,7454880136087567,47,834,1433,1101,1894,3175,1016,1117,1187,4432,17507,2.0,0.0,1247.0,271.0
Havaí,7765500141754626,15251,157,1673,2150,3013,2950,2159,1735,1414,7765500141754626,129,2095,3152,1464,1377,1117,168,100,80,3739,15251,4.0,3.0,198.0,44.0
Heliopolis,2795580545941278,6675,118,816,941,1281,1459,1048,595,417,2795580545941278,37,623,1262,721,714,575,84,39,32,1654,6675,2.0,0.0,119.0,28.0
Horto,3727440067562346,3429,26,237,400,649,574,540,444,559,3727440067562346,31,422,569,326,415,426,103,48,30,796,3429,3.0,0.0,116.0,49.0
Horto Florestal,3416820061931638,5971,37,474,806,1089,813,862,823,1067,3416820061931638,76,1126,1358,584,447,253,36,23,10,1547,5971,2.0,1.0,58.0,12.0
Inconfidência,2174340039552074,3465,25,319,496,669,559,480,401,516,2174340039552074,28,725,832,269,190,133,18,13,6,907,3465,0.0,0.0,65.0,32.0
Indaiá,1553100028400699,3317,26,270,442,914,537,454,320,354,1553100028400699,23,298,475,324,434,471,91,49,22,834,3317,0.0,1.0,100.0,30.0
Independência,3727440307321873,8334,121,1217,1398,1613,1549,966,723,747,3727440307321873,185,1665,1844,462,221,66,5,3,2,2543,8334,3.0,0.0,20.0,2.0
Ipe,1863720363840745,4687,49,525,783,833,731,723,450,593,1863720363840745,42,1095,971,269,195,96,14,10,6,1415,4687,1.0,0.0,18.0,21.0
Ipiranga,5591160101520949,12194,97,950,1584,2304,1823,1831,1709,1896,5591160101520949,76,1513,2134,1108,1275,1358,296,220,214,2953,12194,1.0,0.0,251.0,93.0
Itaipu,3727440307322408,8676,95,1088,1480,1713,1415,1204,911,770,3727440307322408,155,1683,1921,584,319,126,6,10,2,2687,8676,1.0,0.0,20.0,11.0
Itapoa,4348680849520471,9476,67,725,1203,1788,1610,1369,1121,1593,4348680849520471,48,773,1400,937,1097,1209,277,216,141,2586,9476,3.0,1.0,345.0,135.0
Itatiaia,931860017040407,1793,30,194,342,318,320,238,175,176,931860017040407,36,453,369,93,55,25,6,1,2,529,1793,0.0,0.0,25.0,7.0
Jaqueline,5901781152543718,16195,217,2100,2875,2854,3123,2227,1518,1281,5901781152543718,280,3449,3614,1099,680,307,32,14,4,4399,16195,5.0,0.0,81.0,21.0
Jaraguá,2174340039761131,4059,26,339,490,696,635,632,526,715,2174340039761131,11,379,536,365,497,561,135,113,85,1012,4059,3.0,0.0,116.0,32.0
Jardim Alvorada,6523020118658754,9914,108,1140,1632,1809,1567,1451,1024,1183,6523020118658754,171,2359,2233,621,374,217,25,20,10,2636,9914,0.0,0.0,51.0,37.0
Jardim América,7454880136085609,11177,135,1069,1435,2005,1997,1759,1328,1400,7454880136085609,79,1429,1871,1036,1306,1249,228,131,87,2508,11177,2.0,0.0,280.0,60.0
Jardim Atlântico,1242480187720224,1459,13,162,206,268,233,190,199,188,1242480187720224,3,167,210,76,123,192,47,52,37,377,1459,0.0,0.0,46.0,25.0
Jardim Felicidade,5280541031221645,15486,222,2319,2688,3326,2495,1681,1656,1099,5280541031221645,424,4063,3123,558,183,59,5,3,0,4527,15486,2.0,0.0,30.0,2.0
Jardim Guanabara,5280541031221543,11635,131,1304,1731,2186,2250,1537,1143,1353,5280541031221543,114,2284,2654,950,703,379,41,13,9,3053,11635,4.0,0.0,57.0,21.0
Jardim Leblon,7765501517256225,9460,129,1165,1538,1927,1622,1295,978,806,7765501517256225,179,1810,2130,722,443,213,25,13,11,2620,9460,0.0,0.0,61.0,17.0
Jardim Montanhês,3416820062151500,5957,43,505,759,1201,899,830,851,869,3416820062151500,50,878,1266,590,573,467,83,43,20,1439,5957,0.0,0.0,115.0,67.0
Jardim São José,3727440067802593,6964,75,756,1148,1228,1131,1034,700,892,3727440067802593,139,1637,1654,463,261,118,17,7,5,1832,6964,0.0,0.0,44.0,10.0
Jardim Vitoria,3416820667040848,9534,160,1411,1664,1772,1885,1143,843,656,3416820667040848,163,1902,2194,561,293,126,10,4,1,2709,9534,1.0,2.0,75.0,14.0
Jardim do Vale,621240051220834,1117,18,203,255,194,191,132,70,54,621240051220834,28,224,229,43,21,2,1,0,0,348,1117,2.0,0.0,1.0,0.0
Jardim dos Comerciarios,8386741638635597,21238,324,2784,3858,4082,3641,2715,1976,1858,8386741638635597,430,4055,5131,1361,604,196,26,13,5,6309,21238,2.0,0.0,34.0,15.0
Jardinópolis,2174340039692442,1728,8,161,253,322,266,231,218,269,2174340039692442,28,282,393,162,144,90,13,7,4,436,1728,2.0,0.0,55.0,45.0
Jatobá,1553100128051118,3447,47,428,576,654,573,451,373,345,1553100128051118,72,664,780,249,138,39,6,0,0,1024,3447,2.0,0.0,19.0,9.0
Jonas Veiga,1863720033781976,2580,29,311,408,442,441,384,262,303,1863720033781976,22,444,566,222,196,100,16,14,2,658,2580,3.0,0.0,21.0,12.0
João Alfredo,310620005630314,391,4,53,73,72,68,40,35,46,310620005630314,2,108,75,14,10,6,2,0,0,117,391,0.0,0.0,0.0,1.0
João Paulo II,621240051220339,1792,19,167,250,379,311,267,231,168,621240051220339,14,237,460,217,165,79,2,0,0,432,1792,0.0,0.0,5.0,1.0
João Pinheiro,5901780107354469,9640,97,795,1196,1864,1488,1483,1266,1451,5901780107354469,87,1469,1814,933,964,829,108,70,52,2422,9640,3.0,0.0,99.0,47.0
Juliana,4038060788582906,5892,109,766,941,1246,1167,758,477,428,4038060788582906,60,1104,1496,417,205,80,5,0,1,1649,5892,0.0,0.0,22.0,10.0
Lagoa,4348680849662911,9127,120,1166,1706,1707,1549,1130,857,892,4348680849662911,286,2214,1841,414,207,63,10,4,0,2802,9127,2.0,1.0,26.0,8.0
Lagoinha,2174340039521967,3873,33,278,448,760,570,567,493,724,2174340039521967,27,613,841,468,425,314,55,35,10,774,3873,3.0,0.0,127.0,57.0
Lagoinha Leblon,2795580546211384,5973,74,748,975,1170,1114,729,631,532,2795580546211384,81,1268,1323,441,204,106,8,1,2,1717,5973,2.0,0.0,30.0,12.0
Lajedo,1553100303300533,4862,65,650,861,970,811,672,508,325,1553100303300533,58,839,1157,371,180,54,5,5,2,1476,4862,1.0,0.0,11.0,0.0
Laranjeiras,310620060690264,163,5,28,23,29,31,21,14,12,310620060690264,1,44,32,12,2,1,0,0,0,38,163,0.0,1.0,0.0,0.0
Leonina,1242480022681250,3670,65,621,786,762,578,403,247,208,1242480022681250,90,1001,782,80,19,9,1,0,2,1000,3670,1.0,0.0,9.0,2.0
Leticia,3727440728280790,7715,94,857,1163,1448,1398,1073,791,891,3727440728280790,87,1372,1705,678,403,179,25,16,7,2292,7715,3.0,0.0,54.0,39.0
Liberdade,2484960045440833,4477,28,312,608,1167,702,631,477,552,2484960045440833,23,352,723,533,518,610,145,101,75,1057,4477,1.0,0.0,155.0,35.0
Lindéia,10561080870749600,24146,312,2967,3911,4615,4236,3216,2329,2560,10561080870749600,351,4799,5637,1826,965,295,18,13,10,6953,24146,4.0,0.0,79.0,41.0
Lorena,310620005650416,91,1,7,19,16,13,12,10,13,310620005650416,1,16,20,4,1,0,1,1,3,36,91,0.0,0.0,0.0,0.0
Lourdes,11492940207950804,18905,136,1053,1968,3896,2604,2491,2727,4030,11492940207950804,33,610,1476,1027,1600,3061,1211,1583,2533,4582,18905,2.0,0.0,2533.0,727.0
Luxemburgo,3106200056203911,6412,66,554,702,1122,1000,1048,981,939,3106200056203911,14,168,394,301,577,1184,467,518,606,1563,6412,1.0,1.0,475.0,104.0
Madre Gertrudes,3727440128042319,4475,64,469,621,795,765,700,506,517,3727440128042319,59,637,988,530,351,157,28,7,2,1145,4475,1.0,0.0,51.0,13.0
Madri,621240121320273,939,8,136,157,178,160,117,100,83,621240121320273,11,236,199,46,29,8,0,0,0,266,939,0.0,1.0,1.0,1.0
Mala e Cuia,310620005620490,60,0,2,13,13,4,15,5,8,310620005620490,1,19,10,4,1,0,0,0,2,21,60,0.0,0.0,0.0,0.0
Manacas,4038060073842137,8248,157,1282,1464,1516,1768,1019,608,434,4038060073842137,146,1422,1132,498,596,622,112,56,22,2203,8248,1.0,0.0,165.0,16.0
Mangabeiras,1553100028101955,1947,13,107,172,307,289,248,225,586,1553100028101955,2,57,179,79,145,303,92,177,287,506,1947,13.0,3.0,79.0,26.0
Mangueiras,1863720153661020,3467,55,389,574,683,604,459,387,316,1863720153661020,54,575,741,253,200,81,9,2,0,1108,3467,0.0,0.0,16.0,5.0
Mantiqueira,9318601820705644,20282,272,2538,3484,3870,3411,2649,2050,2008,9318601820705644,391,4897,4382,1086,620,228,19,8,8,5833,20282,9.0,0.0,95.0,48.0
Marajó,1242480022680689,2885,32,313,431,480,488,441,285,415,1242480022680689,14,549,566,284,171,102,13,11,5,825,2885,0.0,0.0,13.0,8.0
Maravilha,310620005650501,56,0,6,10,15,5,11,3,6,310620005650501,0,15,15,4,2,2,0,0,0,12,56,0.0,0.0,0.0,1.0
Maria Goretti,3727440727681398,8501,86,984,1406,1501,1447,1219,911,947,3727440727681398,127,1873,1818,532,354,158,24,9,7,2529,8501,2.0,0.0,49.0,13.0
Maria Helena,3106200606901383,7683,96,930,1234,1458,1407,1018,824,716,3106200606901383,97,1543,1805,467,408,164,21,5,5,2142,7683,0.0,0.0,42.0,12.0
Maria Tereza,310620060660192,373,9,58,62,66,74,58,21,25,310620060660192,12,106,78,11,5,1,0,0,0,93,373,0.0,0.0,0.0,0.0
Maria Virgínia,1863720033840974,3837,45,458,611,695,672,575,387,394,1863720033840974,120,698,711,274,256,204,40,26,18,987,3837,0.0,0.0,49.0,11.0
Mariano de Abreu,1242480022520813,3541,65,504,705,702,586,399,310,270,1242480022520813,78,999,651,94,40,25,2,4,1,1078,3541,0.0,0.0,6.0,0.0
Marieta 1ª Seção,621240051220640,1227,12,147,209,230,190,157,154,128,621240051220640,12,342,261,55,23,9,0,0,0,366,1227,0.0,0.0,0.0,1.0
Marieta 2ª Seção,310620025610318,181,1,16,39,31,35,22,11,26,310620025610318,4,46,43,9,3,1,0,0,0,58,181,0.0,0.0,0.0,0.0
Marieta 3ª Seção,310620025610317,96,0,13,12,19,16,18,10,8,310620025610317,1,19,20,10,0,0,0,0,0,33,96,0.0,0.0,0.0,0.0
Marilandia,621240051220411,865,5,93,145,125,141,123,108,125,621240051220411,3,182,204,71,18,10,2,0,0,277,865,0.0,0.0,10.0,8.0
Mariquinhas,931860181980439,2147,31,360,456,411,297,276,172,144,931860181980439,63,637,307,42,23,3,0,1,1,679,2147,1.0,0.0,3.0,0.0
Marmiteiros,621240011300616,785,10,87,130,175,111,118,81,73,621240011300616,52,231,121,20,17,9,2,0,0,236,785,0.0,0.0,1.0,1.0
Marçola,3727440067442207,6556,106,960,1358,1261,1046,794,483,548,3727440067442207,169,1920,1264,199,103,48,10,5,4,1768,6556,1.0,0.0,14.0,0.0
Milionario,5591160460984479,12175,156,1338,1866,2299,2095,1725,1408,1288,5591160460984479,182,1985,2775,1141,900,434,49,19,8,3188,12175,5.0,0.0,103.0,40.0
Minas Brasil,2484960045201788,3511,33,254,434,635,560,599,434,562,2484960045201788,19,339,486,344,454,478,115,94,65,830,3511,1.0,0.0,96.0,24.0
Minas Caixa,4659300910353647,10592,97,1101,1669,1746,1845,1632,975,1527,4659300910353647,108,2055,2366,765,542,302,47,17,5,3187,10592,3.0,0.0,56.0,21.0
Minaslandia,2795580545941550,6490,73,716,1056,1205,1062,993,685,700,2795580545941550,111,1270,1524,498,358,182,25,9,10,1714,6490,2.0,1.0,73.0,20.0
Mineirão,1863720153661386,4235,69,546,660,933,722,459,522,324,1863720153661386,71,866,995,268,124,38,4,0,0,1254,4235,1.0,0.0,12.0,0.0
Miramar,2484960204881032,6124,77,644,921,1184,898,996,680,724,2484960204881032,81,929,1464,551,414,228,29,8,11,1688,6124,1.0,0.0,36.0,18.0
Mirante,310620060660068,565,10,100,127,91,100,65,37,35,310620060660068,6,90,102,17,5,0,0,0,0,235,565,0.0,0.0,0.0,0.0
Mirtes,310620060640168,346,5,82,82,61,62,35,4,15,310620060640168,16,59,68,6,3,0,0,0,0,107,346,0.0,0.0,0.0,0.0
Monsenhor Messias,2795580050852245,4489,40,342,498,855,759,664,610,721,2795580050852245,28,488,912,484,537,509,85,51,28,985,4489,1.0,0.0,125.0,31.0
Monte Azul,1242480242640819,3494,47,442,662,672,569,432,319,351,1242480242640819,39,793,822,132,56,17,1,0,1,1144,3494,1.0,0.0,12.0,2.0
Monte São José,310620005620377,1111,18,173,194,261,165,142,86,72,310620005620377,26,324,268,54,19,3,1,0,0,225,1111,0.0,0.0,1.0,0.0
Morro dos Macacos,310620060640203,340,6,49,88,54,46,56,29,12,310620060640203,8,107,39,10,1,1,0,0,0,119,340,0.0,0.0,0.0,1.0
Nazare,5280541030881360,8182,103,1005,1261,1681,1467,1050,814,801,5280541030881360,119,1725,1592,459,310,123,5,6,4,2731,8182,1.0,0.0,52.0,17.0
Nossa Senhora Aparecida,1242480242760807,1603,22,261,276,304,297,172,127,144,1242480242760807,22,407,314,46,14,0,0,0,0,517,1603,0.0,0.0,0.0,0.0
Nossa Senhora da Aparecida,2174340039340693,4341,63,603,803,882,711,484,392,403,2174340039340693,78,1283,896,163,71,33,4,2,2,1143,4341,1.0,0.0,6.0,1.0
Nossa Senhora da Conceição,2795580050581180,6225,86,875,1187,1113,1084,748,547,585,2795580050581180,137,1899,1309,215,84,36,5,4,4,1571,6225,2.0,0.0,11.0,1.0
Nossa Senhora de Fátima,5280540095543059,9640,211,1678,2258,1883,1458,968,610,574,5280540095543059,371,2794,1433,165,65,22,7,11,4,2879,9640,1.0,0.0,19.0,2.0
Nossa Senhora do Rosário,310620005630402,173,4,15,44,33,27,25,12,13,310620005630402,2,74,23,3,1,3,0,0,0,48,173,0.0,0.0,3.0,0.0
Nova America,310620060690372,99,4,16,20,15,21,11,6,6,310620060690372,3,27,12,2,0,0,0,0,0,35,99,0.0,0.0,0.0,0.0
Nova Cachoeirinha,2795580050853640,4735,43,401,611,863,753,701,603,657,2795580050853640,30,661,969,525,470,315,56,26,12,1124,4735,2.0,0.0,58.0,42.0
Nova Cintra,2484960045361169,5664,55,620,886,1078,863,854,630,678,2484960045361169,115,1242,1322,432,267,144,16,8,7,1436,5664,2.0,0.0,28.0,11.0
Nova Esperança,2174340039551662,4426,52,482,633,791,696,647,509,616,2174340039551662,76,972,973,349,263,169,24,13,13,1040,4426,3.0,0.0,54.0,9.0
Nova Floresta,3106200056400996,4496,30,292,537,800,632,718,641,846,3106200056400996,15,456,691,465,533,615,143,108,63,1085,4496,1.0,0.0,102.0,35.0
Nova Gameleira,6212400113404776,9478,113,911,1334,1924,1645,1299,1085,1151,6212400113404776,96,1101,1979,937,924,702,101,75,46,2477,9478,2.0,0.0,95.0,28.0
Nova Granada,2795580051032043,5979,65,505,726,1208,1071,941,715,748,2795580051032043,63,617,947,559,770,771,226,72,104,1280,5979,1.0,0.0,261.0,63.0
Nova Pampulha,310620005680268,350,1,29,51,77,48,37,66,41,310620005680268,1,29,79,33,47,26,2,0,1,102,350,0.0,0.0,2.0,0.0
Nova Suíça,7454880136086821,15218,96,1116,1813,2848,2374,2415,2064,2492,7454880136086821,71,1380,2216,1537,2055,2148,470,317,150,3662,15218,4.0,0.0,548.0,140.0
Nova Vista,3416820061932561,8409,95,795,1220,1481,1347,1246,990,1235,3416820061932561,74,1452,1845,760,642,435,76,44,23,2168,8409,1.0,0.0,63.0,16.0
Novo Aarão Reis,2484960485281219,8287,132,1357,1782,1671,1372,914,606,453,2484960485281219,261,1922,1624,195,84,20,1,2,2,2687,8287,1.0,0.0,16.0,1.0
Novo Glória,4348680079103827,7856,81,808,1212,1328,1248,1188,852,1139,4348680079103827,184,1692,1757,638,434,233,40,18,8,1963,7856,1.0,0.0,37.0,15.0
Novo Ouro Preto,310620005680028,502,6,86,109,99,82,50,45,25,310620005680028,19,124,91,8,6,0,0,0,0,162,502,0.0,0.0,0.0,0.0
Novo Santa Cecilia,931860076830616,2355,19,284,385,478,396,370,248,175,931860076830616,30,379,623,216,107,27,1,3,2,664,2355,1.0,0.0,4.0,3.0
Novo São Lucas,2174340039412137,3926,41,329,412,744,722,548,533,597,2174340039412137,10,264,471,373,511,609,165,88,72,993,3926,2.0,1.0,134.0,10.0
Novo Tupi,1553100303301012,3048,51,471,620,534,506,393,258,215,1553100303301012,61,739,556,105,43,15,2,2,1,1002,3048,4.0,0.0,2.0,0.0
Novo das Industrias,3106200256102464,4614,45,532,700,814,811,562,451,535,3106200256102464,100,856,1076,338,227,88,10,7,1,1170,4614,0.0,0.0,16.0,11.0
Oeste,2795580050852870,3796,41,340,546,744,572,607,436,510,2795580050852870,42,672,821,358,264,156,27,15,6,1054,3796,1.0,0.0,71.0,38.0
Olaria,3106200256101397,5776,68,649,928,1137,1016,772,654,552,3106200256101397,66,945,1304,362,199,48,5,3,1,2126,5776,1.0,0.0,24.0,4.0
Olhos D'Água,1242480062561122,1566,13,169,210,234,212,141,113,87,1242480062561122,20,204,315,84,47,15,1,1,0,310,1566,1.0,0.0,117.0,28.0
Ouro Minas,1242480242560422,4143,59,529,748,805,770,668,356,208,1242480242560422,40,661,932,299,214,88,11,2,1,1307,4143,0.0,0.0,16.0,5.0
Ouro Preto,9629220176082734,17255,180,1686,2238,3625,3252,2406,1810,1852,9629220176082734,118,2155,2587,1271,1627,1900,535,374,237,4379,17255,10.0,1.0,536.0,162.0
Padre Eustáquio,15841620288162532,28773,215,2167,3208,5518,4415,4239,3972,5039,15841620288162532,223,3277,4959,2828,3476,3543,740,543,326,6476,28773,6.0,0.0,814.0,277.0
Palmares,2484960045121347,5521,61,564,678,938,1069,964,732,515,2484960045121347,16,258,590,459,730,969,249,225,124,1276,5521,4.0,1.0,258.0,34.0
Palmeiras,3727440068042758,7653,117,858,1160,1525,1352,1053,768,820,3727440068042758,69,1575,1702,608,494,297,45,15,3,1870,7653,2.0,0.0,85.0,26.0
Pantanal,310620005670376,919,23,153,204,204,151,89,63,32,310620005670376,14,239,186,23,8,2,0,0,0,271,919,0.0,0.0,0.0,0.0
Paquetá,3416820062481142,6420,76,744,868,1210,1315,994,623,590,3416820062481142,38,627,1010,543,675,745,181,169,113,1499,6420,5.0,2.0,159.0,72.0
Paraíso,7144260129494039,13414,111,1107,1792,2449,2007,1957,1703,2288,7144260129494039,89,2239,2909,1160,1141,968,160,90,66,3374,13414,0.0,0.0,153.0,54.0
Parque São José,1242480022680772,3184,43,350,490,587,576,475,319,344,1242480022680772,17,443,713,261,176,132,19,9,5,1016,3184,1.0,0.0,25.0,13.0
Parque São Pedro,1553100303451306,2313,20,248,353,426,375,333,273,285,1553100303451306,37,432,544,178,150,76,9,1,0,618,2313,1.0,0.0,31.0,15.0
Paulo VI,3416820667040861,6205,93,817,1124,1221,1062,789,681,418,3416820667040861,140,1387,1503,337,153,58,6,0,2,1709,6205,2.0,1.0,37.0,8.0
Pedreira Padro Lopes,2174340039552507,4453,61,677,864,756,705,559,407,424,2174340039552507,124,1262,680,113,74,32,0,4,2,1424,4453,2.0,0.0,7.0,0.0
Penha,931860016920486,2226,18,204,368,382,336,362,252,304,931860016920486,31,487,500,176,131,84,8,1,2,584,2226,1.0,0.0,18.0,9.0
Petropolis,1553100128051083,2150,33,299,389,386,410,293,191,149,1553100128051083,48,336,495,153,83,40,3,1,4,655,2150,0.0,0.0,34.0,6.0
Pilar,2174340179271917,2946,45,391,484,599,548,398,256,225,2174340179271917,40,543,853,207,97,39,2,3,3,723,2946,1.0,0.0,126.0,24.0
Pindorama,7765500141257458,17579,191,2063,2770,3018,2985,2522,1722,2308,7765500141257458,376,3734,4032,1198,786,425,49,18,6,4701,17579,5.0,0.0,63.0,26.0
Pindura Saia,310620005620489,153,0,19,32,21,22,32,14,13,310620005620489,1,37,36,15,4,3,0,2,0,36,153,0.0,0.0,1.0,0.0
Piraja,1553100303200874,3231,46,352,504,575,510,493,364,387,1553100303200874,22,643,658,295,197,145,16,18,4,835,3231,2.0,0.0,28.0,1.0
Piratininga,9007981760014308,21149,281,2633,3431,4038,3730,2983,2105,1948,9007981760014308,391,4516,4778,1421,861,364,30,7,6,5861,21149,4.0,0.0,95.0,30.0
Pirineus,621240011260602,636,13,97,117,82,137,121,34,35,621240011260602,4,60,121,46,65,38,6,10,1,175,636,1.0,0.0,3.0,3.0
Planalto,8386741637824640,16814,156,1587,2202,2941,3052,2449,1896,2531,8386741637824640,111,2134,3080,1619,1738,1403,230,159,121,4476,16814,5.0,1.0,315.0,113.0
Pompéia,3727440067561777,5686,55,490,732,959,873,819,733,1025,3727440067561777,54,947,1116,494,475,369,63,38,31,1554,5686,3.0,0.0,79.0,20.0
Pongelupe,931860076830192,2680,31,302,454,482,451,475,289,196,931860076830192,43,402,570,248,217,121,13,6,1,726,2680,4.0,0.0,8.0,0.0
Pousada Santo Antonio,621240121280178,1629,29,206,279,346,328,195,143,103,621240121280178,27,279,393,141,89,47,5,2,2,409,1629,0.0,1.0,13.0,5.0
Prado,6212400113406032,13800,77,824,1339,2688,2022,1865,1983,3002,6212400113406032,53,935,1745,1330,2003,2349,575,538,372,2999,13800,4.0,0.0,1011.0,408.0
Primeiro de Maio,1553100303300796,2421,22,275,443,382,365,387,263,284,1553100303300796,69,606,501,115,64,33,2,2,1,731,2421,1.0,0.0,10.0,4.0
Providencia,4659300909902663,7970,72,878,1266,1437,1245,1182,903,987,4659300909902663,170,1856,1741,478,324,158,12,4,1,2276,7970,4.0,0.0,39.0,8.0
Renascença,5280540095881183,8882,71,616,1006,1503,1219,1256,1300,1911,5280540095881183,61,1195,1663,972,1044,843,179,129,62,2047,8882,3.0,0.0,128.0,63.0
Ribeiro de Abreu,7144261394782573,16020,229,2018,2726,3168,2549,2100,1746,1345,7144261394782573,397,3362,3664,1058,567,260,23,9,3,4291,16020,3.0,0.0,41.0,13.0
Rio Branco,5591161092421652,12768,145,1406,2004,2283,2316,1870,1370,1374,5591161092421652,157,2217,2763,1091,909,547,56,38,14,3425,12768,6.0,2.0,102.0,62.0
Sagrada Família,18015960326551216,34395,279,2586,3957,6164,5596,5241,4869,5703,18015960326551216,204,3512,5457,3433,4057,4448,1038,711,453,8217,34395,8.0,0.0,962.0,246.0
Salgado Filho,7144260130413150,14679,131,1321,1987,2672,2379,2217,1806,2166,7144260130413150,137,2351,2764,1345,1352,1180,190,124,107,3677,14679,2.0,0.0,222.0,57.0
Santa Amelia,6833641334960558,18188,182,1795,2528,3240,3351,2949,2143,2000,6833641334960558,74,1507,2635,1594,2108,2273,478,350,187,5005,18188,8.0,0.0,425.0,145.0
Santa Branca,4038060788840466,5355,67,473,668,958,1006,754,622,720,4038060788840466,14,531,865,549,630,611,87,60,50,1331,5355,2.0,0.0,126.0,77.0
Santa Cecilia,1553100128050732,2917,34,365,494,572,463,415,313,261,1553100128050732,24,396,791,186,76,32,1,0,2,1010,2917,1.0,0.0,19.0,9.0
Santa Cruz,8386740152282167,22306,242,2143,3142,4149,3410,3357,2892,2971,8386740152282167,269,4062,4495,1961,1750,1353,252,127,80,5572,22306,3.0,0.0,241.0,85.0
Santa Efigênia,9629220174445720,17653,135,1240,1841,3650,2837,2489,2391,3070,9629220174445720,72,1778,2481,1571,2069,2448,615,578,431,4235,17653,8.0,0.0,2287.0,760.0
Santa Helena,3106200256101593,5356,62,569,757,929,943,837,558,701,3106200256101593,66,777,1204,531,470,277,28,20,8,1344,5356,2.0,0.0,59.0,27.0
Santa Inês,4038060073192767,9172,74,727,1129,1511,1377,1534,1122,1698,4038060073192767,83,971,1559,965,975,1058,241,159,99,2261,9172,2.0,0.0,206.0,68.0
Santa Isabel,310620005620487,139,3,11,25,21,24,21,14,20,310620005620487,1,33,35,8,7,3,2,0,0,36,139,0.0,0.0,1.0,0.0
Santa Lúcia,3727440067494645,7225,38,435,695,1369,1009,936,1296,1447,3727440067494645,16,274,550,409,790,1369,465,524,575,1780,7225,9.0,3.0,1153.0,303.0
Santa Margarida,1553100128051347,2311,25,204,367,381,334,366,261,373,1553100128051347,34,485,527,208,132,59,6,1,0,630,2311,1.0,0.0,17.0,10.0
Santa Maria,2484960045201906,7075,83,780,1144,1208,1156,1055,760,889,2484960045201906,87,1243,1459,567,495,344,50,21,16,1930,7075,2.0,1.0,51.0,19.0
Santa Monica,10250462002714568,23883,261,2386,3540,4258,4231,3689,2708,2810,10250462002714568,258,3568,4940,2295,2072,1471,187,89,50,6306,23883,7.0,0.0,259.0,87.0
Santa Rita,931860076830488,2790,34,386,533,614,401,331,289,202,931860076830488,87,635,654,104,55,11,0,0,0,824,2790,0.0,0.0,1.0,0.0
Santa Rita de Cássia,2174340039342067,6082,103,914,1249,1196,967,777,439,437,2174340039342067,173,1881,1083,107,73,42,21,24,22,1639,6082,2.0,0.0,11.0,1.0
Santa Rosa,3416820062481584,6723,70,581,897,1181,1060,1125,853,956,3416820062481584,45,686,980,596,737,790,221,117,87,1813,6723,3.0,1.0,169.0,56.0
Santa Sofia,1553100028351149,2782,41,425,537,519,452,320,256,232,1553100028351149,52,778,467,79,57,42,9,2,2,828,2782,0.0,1.0,7.0,2.0
Santa Tereza,8076120146384098,15607,103,1090,1743,2849,2345,2340,2140,2997,8076120146384098,115,1563,2395,1404,1948,2179,537,414,282,3577,15607,6.0,0.0,470.0,97.0
Santa Terezinha,6523020119282060,15792,197,1605,2417,2940,2634,2367,1803,1829,6523020119282060,150,2875,3630,1419,1072,617,86,33,14,4094,15792,1.0,0.0,132.0,46.0
Santana do Cafezal,2484960044961607,4078,76,666,841,847,632,448,296,272,2484960044961607,135,1210,710,98,32,15,1,3,3,1129,4078,2.0,0.0,10.0,1.0
Santo Agostinho,6833640123647378,9881,64,610,1029,1830,1271,1451,1502,2124,6833640123647378,13,435,857,586,1001,1704,562,772,998,2279,9881,3.0,1.0,1645.0,428.0
Santo André,4969920090405990,7411,66,696,1090,1375,1145,1000,901,1138,4969920090405990,81,1543,1624,648,516,336,54,28,24,1795,7411,3.0,0.0,79.0,56.0
Santo Antônio,10871700196710166,21642,167,1188,1967,4303,3287,3033,3443,4254,10871700196710166,43,886,1880,1373,2557,4437,1475,1522,1425,4689,21642,5.0,2.0,1473.0,337.0
Satelite,310620060660195,482,5,49,71,104,65,65,64,59,310620060660195,2,92,128,39,27,9,4,1,0,126,482,0.0,0.0,7.0,2.0
Saudade,2484960045041044,4893,47,462,723,858,733,746,594,730,2484960045041044,42,953,1011,427,322,250,29,21,12,1317,4893,2.0,0.0,27.0,6.0
Savassi,8386740151744182,11772,95,629,1067,2206,1731,1608,1619,2817,8386740151744182,18,403,887,549,1152,2222,898,998,1316,2605,11772,13.0,0.0,3409.0,1007.0
Senhor dos Passos,1553100028252030,2849,30,365,523,490,413,381,287,360,1553100028252030,69,710,513,91,63,23,3,4,0,978,2849,2.0,0.0,4.0,0.0
Serra,9629220174222536,20277,128,1288,2007,3518,2712,2839,3129,4656,9629220174222536,39,965,1980,1342,2135,3439,1134,1335,1470,5022,20277,6.0,0.0,1354.0,362.0
Serra Verde,5280541031734360,14005,184,1726,2239,2692,2491,1799,1516,1358,5280541031734360,229,2747,3109,1117,661,273,19,5,4,3931,14005,3.0,1.0,191.0,29.0
Serra do Curral,931860076830356,344,4,44,65,80,53,44,34,20,931860076830356,5,58,80,28,14,3,0,0,0,108,344,1.0,2.0,17.0,4.0
Serrano,4969920090644092,9971,118,1023,1483,1853,1834,1588,1051,1021,4969920090644092,120,1225,2118,991,958,695,116,71,38,2498,9971,1.0,0.0,159.0,45.0
Silveira,3416820062041122,5800,50,480,765,1092,931,1012,836,634,3416820062041122,13,272,511,426,736,1013,306,338,235,1420,5800,3.0,2.0,216.0,44.0
Sion,9629220174228812,19700,136,1407,2025,3487,2785,2857,3006,3997,9629220174228812,33,730,1398,1053,1982,3756,1259,1701,1678,4567,19700,13.0,2.0,1163.0,212.0
Solar do Barreiro,1863720153661472,4385,76,533,646,1128,919,564,308,211,1863720153661472,41,875,1235,394,171,30,0,0,1,1029,4385,1.0,0.0,16.0,5.0
Solimoes,621240121320253,1519,19,187,308,290,296,206,109,104,621240121320253,24,353,302,79,40,16,2,1,1,495,1519,0.0,0.0,5.0,1.0
Sport Club,931860017010931,1071,14,119,222,199,160,153,105,99,931860017010931,23,297,230,64,20,3,0,0,0,301,1071,0.0,0.0,0.0,0.0
Suzana,1553100028401007,1986,23,243,342,375,315,285,206,197,1553100028401007,41,433,434,133,77,26,3,1,0,572,1986,1.0,0.0,15.0,3.0
São Benedito,931860181920270,1597,30,232,339,287,255,191,133,130,931860181920270,73,433,307,32,13,1,1,0,0,475,1597,0.0,0.0,2.0,0.0
São Bento,2484960044962962,3688,14,228,393,705,453,499,600,766,2484960044962962,2,131,305,155,271,565,207,357,458,965,3688,14.0,2.0,214.0,78.0
São Bernardo,4038060788581962,9092,107,967,1564,1657,1414,1374,989,1020,4038060788581962,166,2138,1976,604,371,209,19,8,9,2518,9092,1.0,0.0,53.0,34.0
São Cristóvão,2174340039522047,2981,20,230,334,461,401,426,402,707,2174340039522047,36,518,699,362,295,181,31,14,3,592,2981,2.0,0.0,47.0,18.0
São Damião,310620060660297,320,6,48,65,51,52,50,28,20,310620060660297,8,83,57,16,13,0,0,0,0,89,320,0.0,0.0,0.0,0.0
São Francisco,3106200056801289,4389,56,427,570,872,819,592,462,483,3106200056801289,43,744,904,448,383,245,34,17,7,973,4389,1.0,0.0,274.0,171.0
São Francisco das Chagas,310620005650394,1346,22,247,246,310,207,109,126,79,310620005650394,6,357,248,47,3,1,0,0,0,415,1346,0.0,0.0,1.0,0.0
São Gabriel,5901781152162074,13726,137,1461,2090,2630,2278,1924,1573,1633,5901781152162074,172,2624,3001,1066,798,472,60,22,10,3903,13726,7.0,1.0,108.0,27.0
São Geraldo,6523020118233567,13974,125,1453,2096,2477,2058,2073,1691,2001,6523020118233567,160,3018,3023,1057,763,473,70,39,37,3756,13974,3.0,0.0,66.0,27.0
São Gonçalo,1242480242640510,2598,31,289,460,434,388,419,245,332,1242480242640510,56,622,552,143,105,53,13,2,0,732,2598,2.0,1.0,8.0,4.0
São Jorge 1ª Seção,1553100028351668,1723,19,221,309,275,306,225,179,189,1553100028351668,43,522,393,65,29,13,2,0,0,416,1723,0.0,0.0,3.0,1.0
São Jorge 2ª Seção,2174340039692373,2710,36,392,518,528,469,282,224,261,2174340039692373,36,808,493,77,27,12,0,0,0,829,2710,1.0,0.0,4.0,0.0
São Jorge 3ª Seção,2174340039692185,2851,34,427,602,547,488,320,243,190,2174340039692185,49,869,518,60,38,13,1,0,0,842,2851,0.0,1.0,2.0,0.0
São José,931860017040201,1522,12,110,157,288,211,219,188,337,931860017040201,3,74,136,86,131,209,67,76,77,541,1522,0.0,0.0,258.0,86.0
São João,621240051220235,1686,32,317,361,324,292,222,88,50,621240051220235,63,316,425,55,12,6,0,1,0,459,1686,0.0,0.0,0.0,0.0
São João Batista,7454881456565675,16503,169,1614,2358,3082,3147,2577,1830,1726,7454881456565675,127,2126,3408,1700,1556,1078,151,81,49,4444,16503,12.0,0.0,224.0,79.0
São Lucas,1242480022480529,2987,21,176,333,542,422,435,400,658,1242480022480529,10,259,333,271,368,540,139,127,78,665,2987,0.0,0.0,169.0,44.0
São Luiz,2795580051120870,4762,38,359,542,881,676,715,632,919,2795580051120870,14,303,478,267,447,808,225,232,286,1305,4762,5.0,0.0,275.0,123.0
São Marcos,3416820667041884,6925,95,729,1149,1270,1093,1035,807,747,3416820667041884,124,1610,1608,472,299,185,14,9,3,1777,6925,1.0,0.0,16.0,5.0
São Paulo,1863720088840937,3750,40,309,511,655,588,526,474,647,1863720088840937,65,740,937,325,241,145,26,21,7,894,3750,3.0,0.0,30.0,7.0
São Pedro,3416820061822830,6328,43,365,726,1256,894,912,915,1217,3416820061822830,14,269,539,430,718,1252,374,473,369,1482,6328,5.0,0.0,685.0,234.0
São Salvador,2484960045202339,5839,66,646,882,1064,933,888,665,695,2484960045202339,83,1232,1396,456,338,159,22,14,8,1419,5839,1.0,0.0,39.0,15.0
São Sebastião,310620005640130,356,6,57,75,54,62,40,36,26,310620005640130,10,101,72,5,3,0,0,0,0,102,356,0.0,0.0,0.0,0.0
São Tomaz,4348680849282264,7415,95,1029,1454,1330,1183,995,634,695,4348680849282264,233,1883,1571,314,169,56,4,6,3,2052,7415,1.0,0.0,20.0,7.0
São Vicente,310620005630187,505,10,63,112,110,71,62,44,33,310620005630187,22,149,93,15,3,2,0,0,0,148,505,0.0,0.0,0.0,0.0
Taquaril,1242480022521072,3389,52,475,689,635,540,402,318,278,1242480022521072,50,877,598,156,91,32,2,1,0,1055,3389,0.0,0.0,23.0,3.0
Teixeira Dias,4348680358543191,7050,56,603,956,1341,1094,1026,989,985,4348680358543191,37,941,1480,853,622,393,43,22,17,1983,7050,0.0,1.0,71.0,22.0
Tiradentes,621240011280209,1661,18,252,353,302,243,194,150,149,621240011280209,34,335,432,45,12,7,0,1,0,525,1661,0.0,0.0,2.0,0.0
Tirol,4038060332932431,11372,128,1300,1701,2041,2023,1769,1218,1192,4038060332932431,99,1369,2421,1163,958,577,52,31,19,3255,11372,4.0,1.0,115.0,51.0
Tres Marias,310620060640030,587,10,85,111,112,97,68,58,46,310620060640030,10,125,96,9,3,0,0,0,0,249,587,1.0,0.0,1.0,0.0
Trevo,1553100028400768,4311,62,652,863,717,794,619,339,265,1553100028400768,110,765,682,235,205,195,21,35,25,1324,4311,5.0,1.0,54.0,10.0
Tupi A,5280541031222322,10668,130,1258,1729,1967,1814,1520,1009,1241,5280541031222322,206,2509,2468,761,403,171,16,12,4,2730,10668,1.0,0.0,31.0,13.0
Tupi B,5901781152543172,13527,157,1650,2277,2487,2404,1909,1273,1370,5901781152543172,206,2898,3118,969,561,237,17,12,5,3697,13527,0.0,0.0,53.0,19.0
Túnel de Ibirité,931860076830968,1894,11,206,272,285,307,295,232,286,931860076830968,25,267,433,189,141,87,9,2,1,523,1894,0.0,0.0,2.0,2.0
Unidas,621240121370425,367,8,56,76,88,64,33,30,12,621240121370425,7,80,86,9,7,1,0,0,0,113,367,0.0,0.0,0.0,0.0
Universitário,1242480022720570,1995,19,145,288,386,311,287,252,307,1242480022720570,20,397,522,172,117,70,12,3,4,514,1995,0.0,0.0,22.0,11.0
Universo,2484960485512320,2833,45,487,594,576,445,283,242,161,2484960485512320,83,667,470,84,28,3,0,0,1,965,2833,1.0,0.0,1.0,0.0
União,5901780107162616,14729,135,1359,2087,2736,2265,2206,1951,1990,5901780107162616,170,2413,2559,1078,1162,1285,343,234,200,3791,14729,3.0,1.0,507.0,201.0
Urca,2174340039761348,4685,60,563,864,848,790,625,414,521,2174340039761348,97,1138,1048,192,93,40,10,1,2,1441,4685,0.0,0.0,18.0,6.0
Vale do Jatoba,3727440307322222,8047,81,887,1354,1255,1310,1241,810,1109,3727440307322222,111,1571,1723,581,378,189,9,3,2,2512,8047,15.0,0.0,40.0,12.0
Varzea da Palma,310620060690077,125,5,16,20,31,21,15,11,6,310620060690077,1,22,31,6,5,0,0,0,0,39,125,0.0,0.0,0.0,0.0
Venda Nova,2484960485521941,2684,30,221,360,531,485,355,336,366,2484960485521941,16,482,709,224,159,78,3,3,1,758,2684,4.0,0.0,188.0,105.0
Ventosa,5591160102063899,7055,135,1147,1440,1350,1106,771,565,541,5591160102063899,165,2126,1139,182,62,32,13,5,9,2040,7055,1.0,0.0,5.0,1.0
Vera Cruz,2174340039410559,3862,26,376,531,668,581,581,499,600,2174340039410559,51,778,804,295,266,166,27,18,16,1039,3862,4.0,0.0,43.0,13.0
Vila Aeroporto,931860072020579,2092,28,302,395,434,348,273,166,146,931860072020579,21,585,388,72,13,6,0,1,1,675,2092,0.0,0.0,0.0,0.0
Vila Aeroporto Jaraguá,310620005680045,618,5,87,113,123,96,85,48,61,310620005680045,19,186,121,14,11,3,1,0,0,171,618,0.0,0.0,1.0,0.0
Vila Antena,1242480022681238,1600,30,275,316,311,260,164,114,130,1242480022681238,38,433,299,35,16,4,0,0,0,470,1600,0.0,0.0,4.0,1.0
Vila Antena Montanhês,310620005650308,448,6,80,69,100,80,42,46,25,310620005650308,15,127,85,10,13,3,0,0,0,109,448,0.0,0.0,3.0,0.0
Vila Atila de Paiva,621240051220343,1582,25,228,335,296,226,196,149,127,621240051220343,29,364,287,45,9,1,0,0,0,594,1582,0.0,0.0,1.0,0.0
Vila Bandeirantes,621240011240953,562,7,87,113,116,91,65,50,33,621240011240953,11,156,130,18,6,2,0,0,0,145,562,0.0,0.0,1.0,0.0
Vila Barragem Santa Lúcia,3416820061823270,7999,133,1339,1695,1657,1237,897,548,493,3416820061823270,180,2231,1357,184,115,103,32,49,31,2245,7999,0.0,0.0,14.0,1.0
Vila Batik,310620025610311,192,3,25,71,25,40,20,5,3,310620025610311,8,36,19,1,0,0,0,0,0,100,192,0.0,0.0,0.0,0.0
Vila Betânia,621240011340754,195,0,0,0,0,0,0,0,0,621240011340754,0,0,0,0,0,0,0,0,0,0,195,0.0,0.0,0.0,0.0
Vila Boa Vista,621240011260325,958,9,116,207,158,158,127,101,82,621240011260325,39,285,175,35,15,4,1,1,1,277,958,0.0,0.0,1.0,0.0
Vila Calafate,310620005670471,529,11,90,124,98,78,50,47,31,310620005670471,21,143,89,12,8,0,2,0,0,153,529,0.0,0.0,0.0,0.0
Vila Califórnia,1553100028251065,3100,52,505,676,591,507,355,235,179,1553100028251065,150,827,609,85,24,6,0,0,0,842,3100,0.0,0.0,0.0,0.0
Vila Canto do Sabiá,310620060690285,173,3,23,29,37,32,30,14,5,310620060690285,3,40,41,9,8,1,0,0,0,45,173,0.0,0.0,0.0,0.0
Vila Cemig,2174340179271956,5668,78,872,1169,1088,940,637,457,427,2174340179271956,128,1530,1071,148,51,9,1,0,0,1780,5668,1.0,0.0,5.0,0.0
Vila Cloris,3416820667261752,7157,79,734,1063,1238,1311,1159,741,832,3416820667261752,102,970,1441,676,715,547,70,45,17,1761,7157,6.0,1.0,196.0,99.0
Vila Copacabana,310620060690260,1348,16,214,311,272,211,146,115,63,310620060690260,26,375,215,35,15,5,0,0,0,447,1348,0.0,0.0,0.0,0.0
Vila Copasa,310620025610298,321,2,45,56,53,63,49,28,25,310620025610298,4,83,64,18,4,1,0,0,0,100,321,0.0,0.0,0.0,0.0
Vila Coqueiral,1553100028251707,1533,18,240,315,274,256,153,145,132,1553100028251707,66,450,269,39,16,5,0,0,0,430,1533,0.0,0.0,2.0,0.0
Vila Ecológica,310620025610037,1704,38,371,375,312,297,157,91,63,310620025610037,83,368,266,22,10,2,0,0,0,544,1704,0.0,0.0,0.0,0.0
Vila Engenho Nogueira,621240011360404,263,4,41,60,48,42,29,19,20,621240011360404,1,67,59,19,0,0,1,0,0,71,263,0.0,0.0,0.0,0.0
Vila Esplanada,310620060640196,990,21,126,188,184,160,140,99,72,310620060640196,22,179,197,50,36,17,9,5,3,325,990,0.0,0.0,1.0,0.0
Vila Formosa,621240051220344,1444,16,223,297,302,231,197,119,59,621240051220344,25,314,300,42,16,1,0,0,0,507,1444,0.0,0.0,3.0,1.0
Vila Fumec,310620005620488,72,2,8,11,10,11,12,8,10,310620005620488,1,20,17,2,2,2,0,1,0,17,72,0.0,0.0,0.0,0.0
Vila Havaí,310620005670333,347,10,55,78,76,44,41,26,17,310620005670333,9,93,66,6,2,1,0,0,0,105,347,0.0,0.0,0.0,0.0
Vila Independencia 1ª Seção,1242480102440853,3023,53,426,562,573,475,372,315,247,1242480102440853,78,765,629,113,45,8,0,0,0,906,3023,0.0,0.0,1.0,0.0
Vila Independencia 2ª Seção,621240051220653,980,22,170,193,188,164,113,76,54,621240051220653,19,250,183,31,13,2,0,0,1,289,980,0.0,0.0,0.0,0.0
Vila Independencia 3ª Seção,310620025610357,368,3,64,72,64,66,44,22,33,310620025610357,19,88,62,10,10,1,0,0,0,111,368,0.0,0.0,0.0,0.0
Vila Inestan,310620005640178,701,5,105,169,142,107,94,38,41,310620005640178,18,177,122,12,3,5,0,0,0,254,701,0.0,0.0,0.0,0.0
Vila Ipiranga,310620005640182,187,3,22,33,43,26,20,21,19,310620005640182,1,42,63,6,3,1,0,0,0,46,187,0.0,0.0,2.0,0.0
Vila Jardim Alvorada,2174340039582677,2776,41,384,520,537,455,365,236,238,2174340039582677,73,735,590,108,45,23,3,3,0,771,2776,0.0,0.0,1.0,0.0
Vila Jardim Leblon,310620060690301,225,3,32,43,48,38,27,19,15,310620060690301,6,61,47,7,2,0,0,0,0,67,225,0.0,0.0,0.0,0.0
Vila Jardim Montanhes,621240011301122,259,2,42,64,35,50,28,17,21,621240011301122,6,78,46,12,5,1,0,0,0,67,259,1.0,1.0,0.0,0.0
Vila Jardim São José,2174340039552013,1698,18,254,358,337,259,191,138,143,2174340039552013,61,472,304,73,30,15,3,2,0,466,1698,2.0,0.0,2.0,0.0
Vila Madre Gertrudes 1ª Seção,1242480022681526,1930,24,236,357,391,297,253,193,179,1242480022681526,34,515,459,69,33,13,1,1,0,545,1930,1.0,0.0,2.0,0.0
Vila Madre Gertrudes 2ª Seção,621240011340934,666,10,107,154,115,114,76,42,48,621240011340934,24,221,69,10,5,1,0,0,0,219,666,0.0,0.0,0.0,0.0
Vila Madre Gertrudes 3ª Seção,310620025670002,421,8,53,91,88,66,54,27,34,310620025670002,14,113,92,15,5,2,0,1,0,118,421,0.0,0.0,0.0,1.0
Vila Madre Gertrudes 4ª Seção,310620025670001,201,0,29,42,35,36,32,12,15,310620025670001,4,63,28,12,1,1,0,0,0,63,201,0.0,0.0,1.0,0.0
Vila Maloca,310620005650332,663,13,107,152,136,85,74,60,36,310620005650332,34,197,108,16,3,3,0,0,0,182,663,0.0,0.0,0.0,0.0
Vila Mangueiras,931860076830764,1903,21,258,388,385,273,239,200,139,931860076830764,58,512,316,75,23,6,1,0,0,633,1903,1.0,0.0,2.0,0.0
Vila Mantiqueira,621240121380598,711,15,97,118,141,138,80,62,60,621240121380598,12,181,188,19,10,6,0,1,0,182,711,0.0,0.0,0.0,0.0
Vila Maria,2174340424480448,5308,95,836,1005,1091,883,550,459,389,2174340424480448,143,1535,995,140,51,12,0,3,0,1498,5308,1.0,0.0,12.0,0.0
Vila Minaslandia,621240121320384,856,6,100,158,125,155,120,89,103,621240121320384,16,293,166,18,10,4,0,0,0,243,856,0.0,0.0,0.0,0.0
Vila Nossa Senhora do Rosário,310620005630003,673,3,71,126,110,114,104,61,84,310620005630003,14,181,131,36,25,15,0,1,0,196,673,0.0,0.0,1.0,0.0
Vila Nova,310620060660171,591,7,92,124,114,116,70,39,29,310620060660171,14,195,88,10,7,3,0,0,0,175,591,0.0,0.0,0.0,0.0
Vila Nova Cachoeirinha 1ª Seção,931860016951002,2273,38,338,441,437,349,270,201,199,931860016951002,114,689,399,67,26,9,0,0,0,593,2273,0.0,0.0,0.0,0.0
Vila Nova Cachoeirinha 2ª Seção,310620005650556,145,1,19,27,24,29,13,19,13,310620005650556,5,33,27,10,6,0,0,0,0,44,145,0.0,0.0,0.0,1.0
Vila Nova Cachoeirinha 3ª Seção,310620005640083,698,6,97,146,122,116,84,78,49,310620005640083,21,174,151,29,11,6,1,1,0,201,698,0.0,0.0,0.0,0.0
Vila Nova Gameleira 1ª Seção,621240011340652,819,14,112,111,193,125,104,97,63,621240011340652,14,165,212,41,15,6,0,0,0,240,819,0.0,0.0,2.0,0.0
Vila Nova Gameleira 2ª Seção,621240011340821,1399,23,167,222,315,184,232,139,117,621240011340821,12,363,300,86,65,29,6,1,0,347,1399,0.0,0.0,4.0,3.0
Vila Nova Gameleira 3ª Seção,310620005670493,95,1,8,13,15,14,13,12,19,310620005670493,1,16,22,7,4,3,1,1,0,31,95,0.0,0.0,0.0,1.0
Vila Nova Paraíso,310620005670396,704,11,112,154,149,99,91,54,34,310620005670396,9,242,118,9,3,1,0,0,0,199,704,1.0,0.0,0.0,0.0
Vila Nova dos Milionarios,310620025610194,587,11,88,96,114,103,55,60,60,310620025610194,18,168,138,16,7,1,0,0,0,140,587,0.0,0.0,0.0,0.0
Vila Novo São Lucas,1863720033782266,3677,39,476,815,871,590,445,242,199,1863720033782266,70,1251,724,84,28,10,1,0,0,994,3677,0.0,0.0,9.0,0.0
Vila Oeste,931860016951472,1339,16,141,218,235,210,189,163,167,931860016951472,32,327,316,76,45,24,4,1,1,356,1339,0.0,0.0,1.0,0.0
Vila Olhos D'Água,310620025610402,892,21,132,189,170,179,82,51,68,310620025610402,8,247,171,26,11,2,0,0,0,274,892,0.0,0.0,1.0,0.0
Vila Ouro Minas,310620060640180,588,18,116,104,126,124,64,24,12,310620060640180,35,109,140,15,13,2,0,0,0,140,588,0.0,0.0,0.0,0.0
Vila Paquetá,310620005680017,703,14,140,154,140,113,64,46,32,310620005680017,44,165,143,26,9,0,0,0,0,162,703,0.0,0.0,0.0,0.0
Vila Paraíso,310620005630352,414,1,38,72,90,76,59,37,41,310620005630352,8,162,60,4,9,3,0,0,0,129,414,0.0,0.0,1.0,0.0
Vila Paris,2174340039342750,3560,25,188,351,680,525,422,568,801,2174340039342750,4,116,224,212,360,654,245,268,283,981,3560,0.0,0.0,146.0,22.0
Vila Petropolis,310620025610338,298,6,66,49,49,62,34,24,8,310620025610338,0,61,67,11,0,0,0,0,0,87,298,0.0,0.0,0.0,0.0
Vila Pilar,310620025610332,910,13,106,210,185,168,126,66,36,310620025610332,6,199,257,20,2,0,0,0,0,307,910,0.0,0.0,0.0,0.0
Vila Pinho,3416820281711783,8225,138,1103,1538,1697,1397,909,840,603,3416820281711783,196,2141,1740,269,65,13,2,1,0,2557,8225,0.0,0.0,18.0,0.0
Vila Piratininga,621240051220569,1693,25,253,346,347,263,193,153,113,621240051220569,45,389,339,48,21,6,0,0,0,567,1693,1.0,0.0,1.0,0.0
Vila Piratininga Venda Nova,310620060690305,366,7,54,70,79,59,36,28,33,310620060690305,13,111,55,8,3,0,0,0,0,115,366,0.0,0.0,0.0,0.0
Vila Primeiro de Maio,1553100303300689,4025,45,505,749,725,572,592,430,407,1553100303300689,53,1282,639,133,49,26,0,0,0,1293,4025,0.0,0.0,4.0,1.0
Vila Puc,310620005650429,89,1,8,9,28,14,14,7,8,310620005650429,0,16,22,8,6,4,1,0,0,23,89,0.0,0.0,0.0,0.0
Vila Real 1ª Seção,310620005680130,109,3,18,32,15,20,7,9,5,310620005680130,3,28,16,0,1,0,0,0,0,40,109,0.0,0.0,0.0,0.0
Vila Real 2ª Seção,310620005680129,683,18,120,131,139,135,72,44,24,310620005680129,32,235,13,3,3,0,0,0,0,259,683,0.0,0.0,1.0,0.0
Vila Rica,310620005680048,200,0,9,29,24,21,35,29,53,310620005680048,0,12,26,18,27,28,8,6,2,64,200,1.0,0.0,5.0,3.0
Vila Santa Monica 1ª Seção,931860182070707,1789,29,274,347,358,285,187,162,147,931860182070707,63,519,290,61,14,4,1,0,0,534,1789,0.0,0.0,2.0,0.0
Vila Santa Monica 2ª Seção,310620060690306,343,12,50,69,66,70,34,32,10,310620060690306,8,73,72,9,2,1,0,0,0,116,343,0.0,0.0,0.0,0.0
Vila Santa Rosa,621240011360389,1391,21,224,302,264,218,164,99,99,621240011360389,36,460,211,21,5,0,0,0,0,413,1391,0.0,0.0,0.0,0.0
Vila Santo Antônio,310620005680194,335,4,48,61,66,51,49,38,18,310620005680194,5,97,71,8,4,3,0,0,0,95,335,0.0,0.0,0.0,0.0
Vila Santo Antônio Barroquinha,310620005650266,667,8,76,122,132,97,92,82,58,310620005650266,14,183,145,43,14,12,1,1,0,170,667,0.0,0.0,0.0,0.0
Vila Satélite,310620060690395,128,1,26,16,29,12,15,17,12,310620060690395,4,25,29,8,4,1,0,0,0,30,128,0.0,0.0,0.0,0.0
Vila Sesc,310620060690261,343,3,45,49,70,61,42,27,46,310620060690261,1,103,61,15,1,1,1,0,0,112,343,0.0,0.0,0.0,0.0
Vila Sumaré,1242480022601286,2987,47,464,622,553,459,357,253,232,1242480022601286,51,770,522,79,25,8,0,0,0,1021,2987,0.0,0.0,1.0,0.0
Vila Suzana Primeira Seção,310620005680117,646,7,82,120,109,105,94,67,62,310620005680117,9,127,139,38,31,17,0,1,0,195,646,0.0,0.0,2.0,2.0
Vila Suzana Segunda Seção,310620005680257,60,2,15,11,11,10,2,1,8,310620005680257,0,12,7,4,0,0,0,0,0,20,60,0.0,0.0,0.0,0.0
Vila São Dimas,310620060640210,194,6,29,51,36,21,26,15,10,310620060640210,4,55,19,3,0,1,0,0,0,77,194,0.0,0.0,0.0,0.0
Vila São Francisco,310620005680263,69,0,12,8,9,11,15,9,5,310620005680263,0,19,18,4,4,0,0,0,0,12,69,0.0,0.0,0.0,0.0
Vila São Gabriel,310620060640068,420,3,86,83,75,70,46,34,23,310620060640068,30,101,66,9,3,0,0,0,0,122,420,0.0,0.0,1.0,0.0
Vila São Gabriel Jacui,310620060640211,699,16,120,115,130,108,79,75,56,310620060640211,15,192,107,23,6,5,1,0,0,214,699,0.0,0.0,0.0,0.0
Vila São Geraldo,310620005630358,182,2,31,35,33,31,19,16,15,310620005630358,0,46,27,3,2,1,0,1,0,69,182,0.0,0.0,2.0,0.0
Vila São João Batista,931860182070414,2486,41,348,475,536,456,282,189,159,931860182070414,37,639,473,75,18,7,0,0,0,848,2486,1.0,0.0,0.0,0.0
Vila São Paulo,931860071920671,1898,22,220,263,354,285,290,222,242,931860071920671,45,459,471,115,60,20,1,1,0,484,1898,0.0,0.0,2.0,0.0
Vila São Rafael,621240011260657,1190,6,160,184,248,219,139,120,114,621240011260657,16,300,362,22,6,5,2,0,0,311,1190,0.0,0.0,6.0,0.0
Vila Tirol,310620025610375,208,1,22,32,33,39,26,25,30,310620025610375,3,54,56,6,3,0,0,0,0,63,208,0.0,0.0,0.0,0.0
Vila Trinta e Um de Março,931860016950162,1525,16,177,244,256,212,228,173,219,931860016950162,23,437,308,59,42,8,1,0,0,454,1525,1.0,0.0,2.0,0.0
Vila União,310620005630140,760,15,102,147,169,124,78,66,59,310620005630140,9,230,164,22,17,6,0,0,1,194,760,2.0,0.0,3.0,0.0
Vila Vista Alegre,4348680079381750,11413,144,1438,1949,2049,1843,1559,1159,1272,4348680079381750,293,3030,2564,531,246,71,6,4,7,3079,11413,1.0,0.0,14.0,3.0
Vila da Amizade,310620005670472,402,8,65,97,71,60,59,29,13,310620005670472,12,95,70,8,10,1,0,0,0,133,402,0.0,0.0,0.0,0.0
Vila da Luz,310620060640027,1491,35,314,320,306,196,169,101,50,310620060640027,82,369,198,21,7,1,0,0,0,464,1491,0.0,0.0,0.0,0.0
Vila da Paz,310620005640058,534,5,55,93,84,79,86,61,71,310620005640058,27,130,124,36,17,3,1,0,1,135,534,0.0,0.0,0.0,0.0
Vila da Ária,310620005630393,337,5,70,74,60,61,27,26,14,310620005630393,17,81,52,7,0,1,0,0,0,104,337,0.0,0.0,0.0,0.0
Vila das Oliveiras,310620005650483,241,1,21,34,43,30,37,46,29,310620005650483,10,53,70,25,10,4,0,0,0,47,241,0.0,0.0,1.0,0.0
Vila de Sá,310620005640228,971,14,145,194,238,130,130,71,49,310620005640228,27,292,178,31,15,0,0,0,0,269,971,0.0,0.0,0.0,0.0
Vila do Pombal,310620005640206,142,1,19,37,17,17,21,21,9,310620005640206,4,33,26,4,3,2,1,0,0,49,142,0.0,0.0,0.0,0.0
Vila dos Anjos,310620060690173,808,7,116,185,157,119,86,75,63,310620060690173,19,226,113,17,6,3,0,0,0,301,808,0.0,0.0,0.0,0.0
Virgínia,310620005670222,861,7,135,173,159,130,114,78,65,310620005670222,26,216,188,31,16,4,0,0,0,238,861,0.0,0.0,0.0,0.0
Vista Alegre,3416820062372855,5160,69,634,848,911,864,718,547,569,3416820062372855,84,1009,1207,347,202,127,24,4,1,1452,5160,0.0,0.0,40.0,10.0
Vista do Sol,1863720363840287,5121,72,651,1002,1100,761,802,459,274,1863720363840287,148,1027,1275,307,125,39,2,1,0,1474,5121,0.0,0.0,2.0,1.0
Vitoria,2484960485121682,3435,65,507,484,628,841,476,232,129,2484960485121682,11,496,872,312,193,74,8,6,0,818,3435,2.0,0.0,11.0,6.0
Vitoria da Conquista,621240051220674,1184,25,211,268,211,199,144,86,40,621240051220674,21,297,210,27,5,3,0,0,0,385,1184,0.0,0.0,1.0,0.0
Xangri-lá,310620005680232,8,0,0,0,0,0,0,0,0,310620005680232,0,0,0,0,0,0,0,0,0,0,8,1.0,0.0,0.0,0.0
Xodo-Marize,1242480242640973,1499,24,215,277,302,240,233,108,100,1242480242640973,57,333,301,84,40,13,5,2,2,423,1499,1.0,0.0,4.0,6.0
Zilah Sposito,931860181980667,2638,41,448,665,516,386,299,187,96,931860181980667,135,675,411,62,26,2,0,0,0,838,2638,0.0,0.0,1.0,0.0
das Industrias I,4659300384153373,9182,100,1097,1314,1620,1545,1391,897,1218,4659300384153373,127,1956,2122,760,453,247,34,16,2,2268,9182,4.0,0.0,93.0,56.0
Álvaro Camargos,931860016950862,1080,9,108,139,204,158,186,142,134,931860016950862,5,98,142,79,99,129,29,16,11,355,1080,0.0,0.0,20.0,10.0
Ápia,310620005620478,405,7,56,79,86,60,47,45,25,310620005620478,8,133,106,16,3,3,0,0,2,71,405,0.0,0.0,1.0,0.0
